{
    "wallet": {
        "ltc": "",
        "doge": "DR3sr5mEAx9qAGf6QJ4e5c5ogJ8MJPiAv5",
        "zec": "",
        "bch": "",
        "btc": ""
    },
    "referral": {
        "mode": "on",
        "ref_5bot": "off",
        "ref_ltc": "1vmD",
        "ref_doge": "Or4s",
        "ref_zec": "pR46",
        "ref_bch": "BugK",
        "ref_btc": "XQsd"
    },
    "akun_utama": {
        "mode_nuyul": "off",
        "number": "+6285292385264",
        "change_api": "on",
        "leave": "off",
        "msg_bot":"off",
        "join":"on",
        "visit":"off"
    },
    "setting": {
        "auto_change_api":"off",
        "allow_NSFW": "on",
        "auto_switch_mode": "off",
        "delete_history":"on",
        "banyak_msg_bot":5,
        "banyak_join":6,
        "banyak_visit":5
    },
    "fitur": {
        "grup_tuyul": {
            "mode": "on",
            "chat_balance": "on",
            "group": "@tuyulkusahabatku",
            "chat": ["Hai..","absen","good😃","tron"," hehehehe","very nice","hi all","😊😊😊😊😊","nice","Thanks gan"]
        }, 
        "proxy": {
            "proxy": "off",
            "host":"King.tg-Forall.Cyou",
            "port":443,
            "secret":"7gAAAAAAAAAAAAAAAAAAAABvbmUub25lLm9uZS5vbmU%3D"
        },
        "leave": {
            "leave": "off",
            "usia_channel_leave":7
        },
        "mode":{
            "msg":"on",
            "join":"on",
            "visit":"on",
            "auto_wd":"on"
        }
    }
}
